,score,names_wiki+googleart+wga+meisterwerke,dates_wiki+googleart+wga+meisterwerke,names_moma,dates_moma,is_same,artist_id_wiki+googleart+wga+meisterwerke,artist_id_moma,idx,total_works_count,year_diff
143.0,86.0,[john dolan],"[1971, 2099]",[john divola],"[1949, 2099]",0,googleart_m0100pcct,moma_mdvt-john-divola-1558,"(2453, 5554)",3.0,"[22, 0]"
144.0,88.0,[li hongbo],"[1974, 2099]",[li hong],"[1940, 2099]",0,googleart_m010lqd_w,moma_mdvt-li-hong-35551,"(2458, 6700)",3.0,"[34, 0]"
81.0,100.0,[howard hodgkin],"[1932, 2099]",[howard hodgkin],"[1932, 2017]",1,googleart_m019h1v,moma_mdvt-howard-hodgkin-2679,"(995, 4584)",30.0,"[0, 82]"
349.0,85.0,"[christopher ofili, chris ofili]","[1968, 2099]",[christopher orr],"[1967, 2099]",0,googleart_m01b_88,moma_mdvt-christopher-orr-28745,"(1840, 380)",23.0,"[1, 0]"
352.0,85.0,"[christopher ofili, chris ofili]","[1968, 2099]",[christopher wool],"[1955, 2099]",0,googleart_m01b_88,moma_mdvt-christopher-wool-6448,"(1846, 380)",46.0,"[13, 0]"
346.0,86.0,"[christopher ofili, chris ofili]","[1968, 2099]",[christopher giglio],"[1964, 2099]",0,googleart_m01b_88,moma_mdvt-christopher-giglio-8500,"(1832, 380)",21.0,"[4, 0]"
110.0,84.0,"[николай  рерих, nicholas roerich]","[1874, 1947]",[nicholas ház],"[1883, 1953]",0,googleart_m01fpf6,moma_mdvt-nicholas-ház-2559,"(1709, 8129)",1879.0,"[9, 6]"
133.0,100.0,"[thomas john ""tom"" thomson, tom thomson]","[1877, 1917]",[john thomson],"[1837, 1921]",0,googleart_m01qc1n,moma_mdvt-john-thomson-5863,"(2201, 5690)",25.0,"[40, 4]"
451.0,90.0,[john piper],"[1903, 1992]",[john opper],"[1908, 1994]",0,googleart_m0253jw,moma_mdvt-john-opper-4419,"(5651, 2592)",3.0,"[5, 2]"
145.0,100.0,[everett shinn],"[1876, 1953]",[everett shinn],"[1873, 1953]",1,googleart_m0265153,moma_mdvt-everett-shinn-5401,"(2612, 3114)",3.0,"[3, 0]"
146.0,100.0,[uche okeke],"[1933, 2099]",[uche okeke],"[1933, 2016]",1,googleart_m026tzyg,moma_mdvt-uche-okeke-47956,"(2660, 10866)",10.0,"[0, 83]"
147.0,84.0,[william henry hunt],"[1790, 1864]",[william henry pigou],"[1818, 1858]",0,googleart_m02q1d1,moma_mdvt-william-henry-pigou-7031,"(2792, 11360)",6.0,"[28, 6]"
148.0,88.0,"[solomon, solomon joseph, solomon joseph solomon, solomon, solomon j.]","[1860, 1927]",[solomon d. butcher],"[1856, 1927]",0,googleart_m02r5z_b,moma_mdvt-solomon-d.-butcher-895,"(2859, 10175)",7.0,"[4, 0]"
518.0,90.0,[peter saul],"[1934, 2099]",[peter paul],"[1970.0, 1970.0]",0,googleart_m02rbn48,moma_mdvt-peter-paul-4522,"(8776, 2867)",6.0,"[36.0, 129.0]"
149.0,100.0,[calvert jones],"[1804, 1877]",[calvert richard jones],"[1802, 1877]",1,googleart_m02rq0z4,moma_mdvt-calvert-richard-jones-7669,"(2877, 1444)",0.0,"[2, 0]"
150.0,100.0,[bob thompson],"[1937, 1966]",[bob thompson],"[1937, 1965]",1,googleart_m02vlvj6,moma_mdvt-bob-thompson-5858,"(2892, 1288)",4.0,"[0, 1]"
151.0,100.0,[josé luis cuevas],"[1934, 2099]",[josé luis cuevas],"[1934, 2017]",1,googleart_m02xqgj,moma_mdvt-josé-luis-cuevas-1325,"(2947, 5900)",29.0,"[0, 82]"
41.0,100.0,"[elaine marie catherine fried, elaine de kooning]","[1918, 1989]",[elaine de kooning],"[1920, 1989]",1,googleart_m0343gd,moma_mdvt-elaine-de-kooning-3212,"(566, 2748)",43.0,"[2, 0]"
102.0,100.0,"[maurice brazil prendergast, maurice prendergast, prendergast, maurice brazil]","[1858, 1924]",[maurice prendergast],"[1859, 1924]",1,googleart_m039zxc,moma_mdvt-maurice-prendergast-4727,"(1600, 7557)",424.0,"[1, 0]"
152.0,100.0,[howard chandler christy],"[1873, 1952]",[howard chandler christy],"[1872, 1952]",1,googleart_m03cmpp,moma_mdvt-howard-chandler-christy-1116,"(3049, 4576)",10.0,"[1, 0]"
153.0,100.0,[henri lebasque],"[1865, 1937]",[henri lebasque],"[1865, 1947]",1,googleart_m03nx1p1,moma_mdvt-henri-lebasque-40746,"(3217, 4404)",4.0,"[0, 10]"
445.0,92.0,"[john t. biggers, biggers, john thomas, biggers, john t.]","[1924, 2001]",[john d. thomas],"[1937, 1947]",0,googleart_m042mhs,moma_mdvt-john-d.-thomas-8448,"(5550, 3276)",5.0,"[13, 54]"
30.0,100.0,"[bill traylor, william ""bill"" traylor]","[1854, 1949]",[bill traylor],"[1854, 1947]",1,googleart_m04_lfd,moma_mdvt-bill-traylor-7464,"(288, 1229)",55.0,"[0, 2]"
154.0,100.0,[johannes larsen],"[1867, 1961]",[johannes larsen],"[1912, 1922]",1,googleart_m04ct3cl,moma_mdvt-johannes-larsen-3391,"(3325, 5491)",4.0,"[45, 39]"
91.0,100.0,"[kazimir malevich, казимир малевич (kazimierz malewicz)]","[1879, 1935]",[kazimir malevich],"[1878, 1935]",1,googleart_m04dvd,moma_mdvt-kazimir-malevich-3710,"(1351, 6233)",368.0,"[1, 0]"
155.0,100.0,[okuda],"[2014.0, 2014.0]",[noriyuki okuda],"[1940, 2099]",1,googleart_m04vvyq6,moma_mdvt-noriyuki-okuda-35588,"(3436, 8231)",8.0,"[74.0, 85.0]"
561.0,87.0,[kara walker],"[1969, 2099]",[sarah walker],"[1963, 2099]",0,googleart_m04zfgb,moma_mdvt-sarah-walker-28848,"(9905, 3461)",48.0,"[6, 0]"
156.0,84.0,"[krohg, christian, christian krohg]","[1852, 1925]",[christian rohlfs],"[1849, 1938]",0,googleart_m05gkhg,moma_mdvt-christian-rohlfs-5000,"(3568, 1804)",102.0,"[3, 13]"
157.0,100.0,[paul ranson],"[1864, 1909]",[paul ranson],"[1862, 1909]",1,googleart_m05gvqk,moma_mdvt-paul-ranson-4814,"(3569, 8601)",5.0,"[2, 0]"
83.0,100.0,"[γιάννης κουνέλλης, jannis kounellis]","[1936, 2099]",[jannis kounellis],"[1936, 2017]",1,googleart_m05p18h,moma_mdvt-jannis-kounellis-3230,"(1112, 5093)",30.0,"[0, 82]"
158.0,85.0,[peter brandes],"[1944, 2099]",[peter bradley],"[1940, 2099]",0,googleart_m05q3tq2,moma_mdvt-peter-bradley-8293,"(3618, 8716)",3.0,"[4, 0]"
159.0,97.0,[waldemar świerzy],"[1931, 2013]",[waldemar swierzy],"[1931, 2099]",1,googleart_m06zn0m5,moma_mdvt-waldemar-swierzy-5753,"(3745, 11120)",9.0,"[0, 86]"
42.0,100.0,[ellsworth kelly],"[1923, 2099]",[ellsworth kelly],"[1923, 2015]",1,googleart_m07sk_z,moma_mdvt-ellsworth-kelly-3048,"(570, 2810)",347.0,"[0, 84]"
160.0,100.0,[emilio vedova],"[1919, 2006]",[emilio vedova],"[1919, 1995]",1,googleart_m08gdyk,moma_mdvt-emilio-vedova-6119,"(3960, 2861)",7.0,"[0, 11]"
161.0,85.44,[alberto savinio],"[1891, 1952]",[alberto sani],"[1900, 1964]",0,googleart_m08tlmw,moma_mdvt-alberto-sani-5154,"(3986, 251)",5.0,"[9, 12]"
4.0,100.0,"[albín brunovský, albin brunovsky]","[1935, 1997]",[albin brunovsky],"[1979.0, 1979.0]",1,googleart_m08yzr_,moma_mdvt-albin-brunovsky-831,"(65, 253)",23.0,"[44.0, 18.0]"
124.0,100.0,"[renato guttuso, aldo renato guttuso]","[1911, 1987]",[renato guttuso],"[1912, 1987]",1,googleart_m09s0_x,moma_mdvt-renato-guttuso-2423,"(1935, 9163)",48.0,"[1, 0]"
48.0,100.0,"[françois morellet, francois morellet]","[1926, 2099]",[françois morellet],"[1926, 2016]",1,googleart_m0byvrn,moma_mdvt-françois-morellet-4083,"(685, 3419)",36.0,"[0, 83]"
162.0,100.0,[robert moskowitz],"[1935, 2001]",[robert moskowitz],"[1935, 2099]",1,googleart_m0czf_4,moma_mdvt-robert-moskowitz-4122,"(4278, 9484)",12.0,"[0, 98]"
163.0,100.0,[jr],"[1983, 2099]","[john f. simon, jr.]","[1963, 2099]",0,googleart_m0dgq66j,"moma_mdvt-john-f.-simon,-jr.-25966","(4305, 5561)",33.0,"[20, 0]"
166.0,100.0,[jr],"[1983, 2099]",[chester higgins jr.],"[1946, 2099]",0,googleart_m0dgq66j,moma_mdvt-chester-higgins-jr.-2636,"(4305, 1743)",33.0,"[37, 0]"
164.0,100.0,[jr],"[1983, 2099]","[henry wessel, jr.]","[1942, 2099]",0,googleart_m0dgq66j,"moma_mdvt-henry-wessel,-jr.-6317","(4305, 4446)",33.0,"[41, 0]"
168.0,100.0,[jr],"[1983, 2099]","[victor masayesva, jr.]","[1951, 2099]",0,googleart_m0dgq66j,"moma_mdvt-victor-masayesva,-jr.-34926","(4305, 11004)",33.0,"[32, 0]"
165.0,100.0,[jr],"[1983, 2099]",[edward g. sutt jr.],"[1968, 2099]",0,googleart_m0dgq66j,moma_mdvt-edward-g.-sutt-jr.-28977,"(4305, 2689)",33.0,"[15, 0]"
167.0,100.0,[jr],"[1983, 2099]","[john a. jenkins, jr.]","[1966, 2099]",0,googleart_m0dgq66j,"moma_mdvt-john-a.-jenkins,-jr.-29536","(4305, 5500)",33.0,"[17, 0]"
169.0,100.0,[swoon],"[1978, 2099]",[swoon],"[1977, 2099]",1,googleart_m0f5ns5,moma_mdvt-swoon-28997,"(4338, 10425)",14.0,"[1, 0]"
170.0,100.0,[rafael coronel],"[1931, 2099]",[rafael coronel],"[1932, 2099]",1,googleart_m0h06nz,moma_mdvt-rafael-coronel-6780,"(4454, 9000)",5.0,"[1, 0]"
172.0,100.0,[morley],"[1982, 2099]",[ursula morley price],"[1936, 2099]",0,googleart_m0h55xs4,moma_mdvt-ursula-morley-price-4735,"(4470, 10913)",4.0,"[46, 0]"
171.0,100.0,[morley],"[1982, 2099]",[malcolm morley],"[1931, 2099]",1,googleart_m0h55xs4,moma_mdvt-malcolm-morley-4100,"(4470, 7066)",9.0,"[51, 0]"
173.0,100.0,[margaret macdonald mackintosh],"[1864, 1933]",[margaret macdonald],"[1865, 1933]",1,googleart_m0mc6d,moma_mdvt-margaret-macdonald-37582,"(4529, 7201)",4.0,"[1, 0]"
174.0,100.0,[dorothy hood],"[1919, 2000]",[dorothy hood],"[1918, 2000]",1,googleart_m0rffm5l,moma_mdvt-dorothy-hood-2722,"(4548, 2516)",7.0,"[1, 0]"
175.0,87.0,[carlos luna],"[1969, 2099]",[carlos bunga],"[1976, 2099]",0,googleart_m0swl40w,moma_mdvt-carlos-bunga-42485,"(4554, 1529)",3.0,"[7, 0]"
176.0,100.0,[peter lipman-wulf],"[1905, 1993]",[peter lipman-wulf],"[1905, 1915]",1,googleart_m0t502t1,moma_mdvt-peter-lipman-wulf-3564,"(4572, 8765)",35.0,"[0, 78]"
177.0,100.0,[ingrid calame],"[1965, 2099]",[ingrid calame],"[1968, 2099]",1,googleart_m0t503bs,moma_mdvt-ingrid-calame-22672,"(4576, 4719)",3.0,"[3, 0]"
178.0,100.0,[rogelio polesello],"[1939, 2099]",[rogelio polesello],"[1939, 2014]",1,googleart_m0t5fn6x,moma_mdvt-rogelio-polesello-4666,"(4697, 9590)",5.0,"[0, 85]"
179.0,100.0,[ali talib],"[1944, 2099]",[ali],"[1956, 2099]",0,googleart_m0vs9qyx,moma_mdvt-ali-6837,"(4832, 422)",4.0,"[12, 0]"
180.0,84.0,[jong gu lee],"[1954, 2099]",[lee jong-ok],"[1971, 2099]",0,googleart_m0vs9t46,moma_mdvt-lee-jong-ok-29742,"(4841, 6595)",51.0,"[17, 0]"
181.0,86.0,[lu yang],"[1984, 2099]",[li yang],"[1959, 2099]",0,googleart_m0vs9tks,moma_mdvt-li-yang-44329,"(4844, 6703)",0.0,"[25, 0]"
99.0,100.0,"[manuel rivera, manuel rivera hernández]","[1927, 1995]",[manuel rivera],"[1927, 1994]",1,googleart_m0vs9tq6,moma_mdvt-manuel-rivera-4943,"(1518, 7102)",26.0,"[0, 1]"
182.0,86.0,[brk],"[2014.0, 2014.0]",[björk],"[1965, 2099]",0,googleart_t218rckd2ks,moma_mdvt-björk-38789,"(4917, 1252)",3.0,"[49.0, 85.0]"
183.0,100.0,[billy],"[2014.0, 2014.0]",[billy apple],"[1935, 2099]",0,googleart_t218rckd533,moma_mdvt-billy-apple-38257,"(4922, 1233)",1.0,"[79.0, 85.0]"
184.0,100.0,[billy],"[2014.0, 2014.0]",[billy squier],"[1950, 2099]",0,googleart_t218rckd533,moma_mdvt-billy-squier-47844,"(4922, 1236)",1.0,"[64.0, 85.0]"
185.0,100.0,[billy],"[2014.0, 2014.0]",[billy sullivan],"[1946, 2099]",0,googleart_t218rckd533,moma_mdvt-billy-sullivan-8377,"(4922, 1237)",7.0,"[68.0, 85.0]"
186.0,100.0,[billy],"[2014.0, 2014.0]",[billy woodberry],"[1950, 2099]",0,googleart_t218rckd533,moma_mdvt-billy-woodberry-69597,"(4922, 1238)",1.0,"[64.0, 85.0]"
187.0,100.0,[billy],"[2014.0, 2014.0]",[billy childish],"[1959, 2099]",0,googleart_t218rckd533,moma_mdvt-billy-childish-46872,"(4922, 1234)",1.0,"[55.0, 85.0]"
188.0,100.0,[billy],"[2014.0, 2014.0]",[billy al bengston],"[1934, 2099]",0,googleart_t218rckd533,moma_mdvt-billy-al-bengston-472,"(4922, 1232)",23.0,"[80.0, 85.0]"
189.0,100.0,[billy],"[2014.0, 2014.0]",[billy name],"[1940, 2099]",0,googleart_t218rckd533,moma_mdvt-billy-name-46786,"(4922, 1235)",1.0,"[74.0, 85.0]"
191.0,100.0,[chu],"[2012.0, 2013.0]",[anne chu],"[1959, 2016]",0,googleart_t218rckdgwb,moma_mdvt-anne-chu-27154,"(4946, 657)",8.0,"[53.0, 3.0]"
190.0,100.0,[chu],"[2012.0, 2013.0]",[robin chu],"[1951, 2099]",0,googleart_t218rckdgwb,moma_mdvt-robin-chu-6608,"(4946, 9558)",6.0,"[61.0, 86.0]"
199.0,100.0,[don],"[2011.0, 2014.0]",[don nice],"[1932, 2099]",0,googleart_t218rckdwm4,moma_mdvt-don-nice-4290,"(4971, 2464)",7.0,"[79.0, 85.0]"
198.0,100.0,[don],"[2011.0, 2014.0]",[don hunstein],"[1928, 2099]",0,googleart_t218rckdwm4,moma_mdvt-don-hunstein-47175,"(4971, 2463)",6.0,"[83.0, 85.0]"
197.0,100.0,[don],"[2011.0, 2014.0]",[don hogan charles/the new york times],"[1938, 2099]",0,googleart_t218rckdwm4,moma_mdvt-don-hogan-charles/the-new-york-times-8524,"(4971, 2462)",6.0,"[73.0, 85.0]"
196.0,100.0,[don],"[2011.0, 2014.0]",[don eddy],"[1944, 2099]",0,googleart_t218rckdwm4,moma_mdvt-don-eddy-1678,"(4971, 2461)",8.0,"[67.0, 85.0]"
200.0,100.0,[don],"[2011.0, 2014.0]",[don rodan],"[1950, 2099]",0,googleart_t218rckdwm4,moma_mdvt-don-rodan-6831,"(4971, 2466)",6.0,"[61.0, 85.0]"
194.0,100.0,[don],"[2011.0, 2014.0]",[don brown],"[1962, 2099]",0,googleart_t218rckdwm4,moma_mdvt-don-brown-7541,"(4971, 2458)",9.0,"[49.0, 85.0]"
193.0,100.0,[don],"[2011.0, 2014.0]",[don argott],"[1972, 2099]",0,googleart_t218rckdwm4,moma_mdvt-don-argott-44595,"(4971, 2457)",6.0,"[39.0, 85.0]"
192.0,100.0,[don],"[2011.0, 2014.0]",[don wight],"[1924, 2099]",0,googleart_t218rckdwm4,moma_mdvt-don-wight-6359,"(4971, 2469)",6.0,"[87.0, 85.0]"
195.0,100.0,[don],"[2011.0, 2014.0]",[don doe],"[1963, 2099]",0,googleart_t218rckdwm4,moma_mdvt-don-doe-28610,"(4971, 2459)",7.0,"[48.0, 85.0]"
201.0,100.0,[don],"[2011.0, 2014.0]",[don roos],"[1955, 2099]",0,googleart_t218rckdwm4,moma_mdvt-don-roos-41846,"(4971, 2467)",6.0,"[56.0, 85.0]"
203.0,100.0,[enzo],"[2010.0, 2011.0]",[enzo mari],"[1932, 2099]",0,googleart_t218rckf0_h,moma_mdvt-enzo-mari-3766,"(4983, 2910)",2.0,"[78.0, 88.0]"
202.0,100.0,[enzo],"[2010.0, 2011.0]",[enzo cucchi],"[1949, 2099]",0,googleart_t218rckf0_h,moma_mdvt-enzo-cucchi-1323,"(4983, 2909)",4.0,"[61.0, 88.0]"
204.0,100.0,[grito],"[2001.0, 2001.0]",[el ultimo grito],"[1997, 2099]",0,googleart_t218rckf5t_,moma_mdvt-el-ultimo-grito-32717,"(5000, 2745)",5.0,"[4.0, 98.0]"
205.0,100.0,[kram],"[2004.0, 2011.0]",[reed kram],"[1971, 2099]",0,googleart_t218rckfxpf,moma_mdvt-reed-kram-30965,"(5050, 9129)",5.0,"[33.0, 88.0]"
206.0,100.0,[kram],"[2004.0, 2011.0]",[kram/weisshaar],"[2002, 2099]",0,googleart_t218rckfxpf,moma_mdvt-kram/weisshaar-36091,"(5050, 6444)",5.0,"[2.0, 88.0]"
207.0,100.0,[lister],"[1979, 2099]",[ardele lister],"[1950, 2099]",0,googleart_t218rckg16c,moma_mdvt-ardele-lister-34816,"(5057, 791)",4.0,"[29, 0]"
208.0,100.0,[mar],"[2001.0, 2014.0]",[mar jean kettunen],"[1926, 2099]",0,googleart_t218rckg77m,moma_mdvt-mar-jean-kettunen-3076,"(5066, 7111)",10.0,"[75.0, 85.0]"
211.0,100.0,[nina],"[2013.0, 2014.0]",[nina rosenblum],"[1955, 2099]",0,googleart_t218rckghgd,moma_mdvt-nina-rosenblum-42714,"(5087, 8202)",3.0,"[58.0, 85.0]"
212.0,100.0,[nina],"[2013.0, 2014.0]",[nina lola bachhuber],"[1971, 2099]",0,googleart_t218rckghgd,moma_mdvt-nina-lola-bachhuber-28551,"(5087, 8201)",4.0,"[42.0, 85.0]"
209.0,100.0,[nina],"[2013.0, 2014.0]",[nina bovasso],"[1965, 2099]",0,googleart_t218rckghgd,moma_mdvt-nina-bovasso-31697,"(5087, 8199)",4.0,"[48.0, 85.0]"
210.0,100.0,[nina],"[2013.0, 2014.0]",[nina serrano],"[1934, 2099]",0,googleart_t218rckghgd,moma_mdvt-nina-serrano-43063,"(5087, 8203)",3.0,"[79.0, 85.0]"
213.0,100.0,[ned],"[2007.0, 2014.0]",[ned sublette],"[1951, 2099]",0,googleart_t218rckgkg0,moma_mdvt-ned-sublette-47852,"(5093, 8083)",72.0,"[56.0, 85.0]"
214.0,100.0,[ned],"[2007.0, 2014.0]",[ned truss],"[1939, 2099]",0,googleart_t218rckgkg0,moma_mdvt-ned-truss-6797,"(5093, 8084)",72.0,"[68.0, 85.0]"
215.0,100.0,[roma],"[2004.0, 2014.0]",[thomas roma],"[1950, 2099]",0,googleart_t218rckh8v3,moma_mdvt-thomas-roma-5006,"(5128, 10642)",7.0,"[54.0, 85.0]"
216.0,100.0,[sam],"[1958, 2099]",[sam hecht],"[1969, 2099]",0,googleart_t218rckhfc8,moma_mdvt-sam-hecht-22582,"(5139, 9829)",4.0,"[11, 0]"
217.0,100.0,[sam],"[1958, 2099]",[sam salisbury],"[1977, 2099]",0,googleart_t218rckhfc8,moma_mdvt-sam-salisbury-28787,"(5139, 9837)",6.0,"[19, 0]"
218.0,100.0,[sam],"[1958, 2099]",[sam lewitt],"[1981, 2099]",0,googleart_t218rckhfc8,moma_mdvt-sam-lewitt-46637,"(5139, 9832)",4.0,"[23, 0]"
219.0,100.0,[sam],"[1958, 2099]",[sam watters],"[1954, 2099]",0,googleart_t218rckhfc8,moma_mdvt-sam-watters-28849,"(5139, 9843)",5.0,"[4, 0]"
226.0,100.0,[sam],"[1958, 2099]",[sam scheinberg],"[1941, 2099]",0,googleart_t218rckhfc8,moma_mdvt-sam-scheinberg-29240,"(5139, 9838)",4.0,"[17, 0]"
221.0,100.0,[sam],"[1958, 2099]","[sam medical products, a division of the seaberg company, inc.]","[1985, 2099]",0,googleart_t218rckhfc8,"moma_mdvt-sam-medical-products,-a-division-of-the-seaberg-company,-inc.-27993","(5139, 9834)",4.0,"[27, 0]"
222.0,100.0,[sam],"[1958, 2099]",[sam mendes],"[1965, 2099]",0,googleart_t218rckhfc8,moma_mdvt-sam-mendes-45684,"(5139, 9835)",4.0,"[7, 0]"
223.0,100.0,[sam],"[1958, 2099]",[sam taylor-wood],"[1967, 2099]",0,googleart_t218rckhfc8,moma_mdvt-sam-taylor-wood-7550,"(5139, 9841)",4.0,"[9, 0]"
224.0,100.0,[sam],"[1958, 2099]",[sam szafran],"[1934, 2099]",0,googleart_t218rckhfc8,moma_mdvt-sam-szafran-5761,"(5139, 9840)",4.0,"[24, 0]"
225.0,100.0,[sam],"[1958, 2099]",[sam raimi],"[1959, 2099]",0,googleart_t218rckhfc8,moma_mdvt-sam-raimi-41850,"(5139, 9836)",4.0,"[1, 0]"
220.0,100.0,[sam],"[1958, 2099]",[sam shepard],"[1943, 2099]",0,googleart_t218rckhfc8,moma_mdvt-sam-shepard-32204,"(5139, 9839)",4.0,"[15, 0]"
227.0,100.0,[sam],"[1958, 2099]",[sam gilliam],"[1933, 2099]",0,googleart_t218rckhfc8,moma_mdvt-sam-gilliam-2161,"(5139, 9826)",8.0,"[25, 0]"
229.0,100.0,[sam],"[1958, 2099]",[sam durant],"[1961, 2099]",0,googleart_t218rckhfc8,moma_mdvt-sam-durant-33965,"(5139, 9823)",6.0,"[3, 0]"
228.0,100.0,[sam],"[1958, 2099]",[sam gordon],"[1973, 2099]",0,googleart_t218rckhfc8,moma_mdvt-sam-gordon-28644,"(5139, 9828)",5.0,"[15, 0]"
231.0,100.0,[san],"[2008.0, 2013.0]",[rael san fratello],"[2002, 2099]",0,googleart_t218rckhfyb,moma_mdvt-rael-san-fratello-49453,"(5142, 8996)",6.0,"[6.0, 86.0]"
230.0,100.0,[san],"[2008.0, 2013.0]",[virginia san fratello],"[1971, 2099]",0,googleart_t218rckhfyb,moma_mdvt-virginia-san-fratello-49889,"(5142, 11056)",6.0,"[37.0, 86.0]"
233.0,100.0,[seth],"[2006.0, 2015.0]",[seth tobocman],"[1958, 2099]",0,googleart_t218rckhkgy,moma_mdvt-seth-tobocman-7098,"(5149, 10003)",25.0,"[48.0, 84.0]"
232.0,100.0,[seth],"[2006.0, 2015.0]",[seth price],"[1973, 2099]",0,googleart_t218rckhkgy,moma_mdvt-seth-price-32690,"(5149, 10002)",26.0,"[33.0, 84.0]"
235.0,100.0,[tone],"[2009.0, 2014.0]",[yasunao tone],"[1935, 2099]",0,googleart_t218rckj0f5,moma_mdvt-yasunao-tone-36959,"(5174, 11523)",6.0,"[74.0, 85.0]"
234.0,100.0,[tone],"[2009.0, 2014.0]",[tone vigeland],"[1938, 2099]",0,googleart_t218rckj0f5,moma_mdvt-tone-vigeland-6619,"(5174, 10778)",4.0,"[71.0, 85.0]"
236.0,100.0,[zadok],"[2014.0, 2014.0]",[zadok ben-david],"[1949, 2099]",0,googleart_t218rckj96t,moma_mdvt-zadok-ben-david-40912,"(5185, 11607)",6.0,"[65.0, 85.0]"
237.0,86.0,[does],"[2004.0, 2011.0]",[dos],"[1985, 2099]",0,googleart_t218tpdj9vn,moma_mdvt-dos-47620,"(5223, 2521)",5.0,"[19.0, 88.0]"
238.0,100.0,[momo],"[2004.0, 2012.0]",[sahlan momo],"[1944, 2099]",0,googleart_t218tpdkcc6,moma_mdvt-sahlan-momo-4055,"(5233, 9809)",22.0,"[60.0, 87.0]"
241.0,100.0,[boris],"[2012.0, 2013.0]",[boris frumin],"[1946, 2099]",0,googleart_t2194x6q9tz,moma_mdvt-boris-frumin-48092,"(5265, 1300)",4.0,"[66.0, 86.0]"
242.0,100.0,[boris],"[2012.0, 2013.0]",[boris bućan],"[1947, 2099]",0,googleart_t2194x6q9tz,moma_mdvt-boris-bućan-840,"(5265, 1299)",4.0,"[65.0, 86.0]"
243.0,100.0,[boris],"[2012.0, 2013.0]",[boris berlin],"[1953, 2099]",0,googleart_t2194x6q9tz,moma_mdvt-boris-berlin-26840,"(5265, 1298)",4.0,"[59.0, 86.0]"
244.0,100.0,[boris],"[2012.0, 2013.0]",[boris orlov],"[1941, 2099]",0,googleart_t2194x6q9tz,moma_mdvt-boris-orlov-40513,"(5265, 1306)",4.0,"[71.0, 86.0]"
239.0,100.0,[boris],"[2012.0, 2013.0]",[boris lurie],"[1924, 2099]",0,googleart_t2194x6q9tz,moma_mdvt-boris-lurie-3642,"(5265, 1301)",4.0,"[88.0, 86.0]"
240.0,100.0,[boris],"[2012.0, 2013.0]",[boris yaro],"[1938, 2099]",0,googleart_t2194x6q9tz,moma_mdvt-boris-yaro-6919,"(5265, 1307)",4.0,"[74.0, 86.0]"
245.0,100.0,[boris],"[2012.0, 2013.0]",[boris mikhailov],"[1938, 2099]",0,googleart_t2194x6q9tz,moma_mdvt-boris-mikhailov-8168,"(5265, 1304)",4.0,"[74.0, 86.0]"
246.0,100.0,[boris],"[2012.0, 2013.0]",[boris manner],"[1961, 2099]",0,googleart_t2194x6q9tz,moma_mdvt-boris-manner-30983,"(5265, 1302)",4.0,"[51.0, 86.0]"
247.0,100.0,[diamond],"[2012.0, 2012.0]",[stuart diamond],"[1942, 2099]",0,googleart_t2194x6s3kt,moma_mdvt-stuart-diamond-1526,"(5274, 10351)",4.0,"[70.0, 87.0]"
248.0,100.0,[diamond],"[2012.0, 2012.0]",[bob diamond],"[1946, 2099]",0,googleart_t2194x6s3kt,moma_mdvt-bob-diamond-68290,"(5274, 1267)",4.0,"[66.0, 87.0]"
251.0,100.0,[diamond],"[2012.0, 2012.0]",[sara diamond],"[1954, 2099]",0,googleart_t2194x6s3kt,moma_mdvt-sara-diamond-35618,"(5274, 9890)",4.0,"[58.0, 87.0]"
250.0,100.0,[diamond],"[2012.0, 2012.0]",[martha diamond],"[1944, 2099]",0,googleart_t2194x6s3kt,moma_mdvt-martha-diamond-1525,"(5274, 7381)",4.0,"[68.0, 87.0]"
249.0,100.0,[diamond],"[2012.0, 2012.0]",[jessica diamond],"[1957, 2099]",0,googleart_t2194x6s3kt,moma_mdvt-jessica-diamond-25977,"(5274, 5323)",4.0,"[55.0, 87.0]"
252.0,100.0,[fred le chevalier],"[2012.0, 2014.0]",[fred],"[1956, 2099]",0,googleart_t2194x6tf41,moma_mdvt-fred-6838,"(5288, 3442)",9.0,"[56.0, 85.0]"
253.0,100.0,[mori],"[2014.0, 2014.0]",[mariko mori],"[1967, 2099]",0,googleart_t2194x6ynxh,moma_mdvt-mariko-mori-8123,"(5322, 7263)",3.0,"[47.0, 85.0]"
254.0,100.0,[oz],"[1950, 2014]",[frank oz],"[1944, 2099]",0,googleart_t2194x6zy1b,moma_mdvt-frank-oz-41873,"(5336, 3375)",4.0,"[6, 85]"
255.0,100.0,[steiner],"[2006.0, 2006.0]",[ron steiner],"[1952, 2099]",0,googleart_t2194x7221t,moma_mdvt-ron-steiner-7579,"(5356, 9665)",1.0,"[54.0, 93.0]"
257.0,100.0,[steiner],"[2006.0, 2006.0]",[a.l. steiner],"[1967, 2099]",0,googleart_t2194x7221t,moma_mdvt-a.l.-steiner-44274,"(5356, 18)",1.0,"[39.0, 93.0]"
256.0,100.0,[steiner],"[2006.0, 2006.0]",[michael steiner],"[1942, 2099]",0,googleart_t2194x7221t,moma_mdvt-michael-steiner-5629,"(5356, 7764)",1.0,"[64.0, 93.0]"
258.0,100.0,"[chris ""daze"" ellis]","[2007.0, 2007.0]",[daze (chris ellis)],"[1962, 2099]",1,googleart_t219d5w7rqf,moma_mdvt-daze-(chris-ellis)-1420,"(5377, 2302)",3.0,"[45.0, 92.0]"
259.0,86.0,[alexandra rs],"[2001.0, 2007.0]",[alexandra clotfelter],"[1989, 2099]",0,googleart_t219d95gflv,moma_mdvt-alexandra-clotfelter-43498,"(5387, 359)",3.0,"[12.0, 92.0]"
294.0,85.0,[alexandra rs],"[2001.0, 2007.0]",[alexander ross],"[1960, 2099]",0,googleart_t219d95gflv,moma_mdvt-alexander-ross-28780,"(355, 5387)",5.0,"[41.0, 92.0]"
260.0,100.0,[belin],"[2005.0, 2011.0]",[valérie belin],"[1964, 2099]",0,googleart_t219d95gsmd,moma_mdvt-valérie-belin-26479,"(5402, 10945)",8.0,"[41.0, 88.0]"
261.0,100.0,[brus],"[2010.0, 2014.0]",[günter brus],"[1938, 2099]",0,googleart_t219d95gzb6,moma_mdvt-günter-brus-833,"(5408, 4117)",12.0,"[72.0, 85.0]"
461.0,90.0,[katharina grosse],"[1961, 2099]",[katharina bosse],"[1968, 2099]",0,googleart_t219d95j_58,moma_mdvt-katharina-bosse-7970,"(6199, 5465)",26.0,"[7, 0]"
262.0,86.0,[ike],"[2010.0, 2014.0]",[nike],"[1964, 2099]",0,googleart_t219d95jjxw,moma_mdvt-nike-43526,"(5475, 8174)",3.0,"[46.0, 85.0]"
263.0,100.0,[jake],"[2008.0, 2008.0]",[jake kasdan],"[1974, 2099]",0,googleart_t219d95jnvc,moma_mdvt-jake-kasdan-44382,"(5480, 4925)",1.0,"[34.0, 91.0]"
266.0,100.0,[jake],"[2008.0, 2008.0]",[jake berthot],"[1939, 2014]",0,googleart_t219d95jnvc,moma_mdvt-jake-berthot-529,"(5480, 4923)",28.0,"[69.0, 6.0]"
265.0,100.0,[jake],"[2008.0, 2008.0]",[jake tilson],"[1958, 2099]",0,googleart_t219d95jnvc,moma_mdvt-jake-tilson-47764,"(5480, 4926)",1.0,"[50.0, 91.0]"
264.0,100.0,[jake],"[2008.0, 2008.0]",[jake chapman],"[1966, 2099]",0,googleart_t219d95jnvc,moma_mdvt-jake-chapman-8266,"(5480, 4924)",23.0,"[42.0, 91.0]"
267.0,100.0,[june],"[2016.0, 2016.0]",[june leaf],"[1929, 2099]",0,googleart_t219d95jw5z,moma_mdvt-june-leaf-3438,"(5494, 6073)",1.0,"[87.0, 83.0]"
268.0,100.0,[june],"[2016.0, 2016.0]",[june redfern],"[1951, 2099]",0,googleart_t219d95jw5z,moma_mdvt-june-redfern-4838,"(5494, 6074)",1.0,"[65.0, 83.0]"
269.0,100.0,[mir],"[2015.0, 2015.0]",[aleksandra mir],"[1967, 2099]",0,googleart_t219d95krwz,moma_mdvt-aleksandra-mir-33825,"(5525, 286)",6.0,"[48.0, 84.0]"
270.0,100.0,[virus],"[2015.0, 2016.0]",[philip virus],"[1971, 2099]",0,googleart_t219d95mp1w,moma_mdvt-philip-virus-35604,"(5586, 8838)",2.0,"[44.0, 83.0]"
271.0,86.0,[alicè],"[2004.0, 2014.0]",[ali],"[1956, 2099]",0,googleart_t219hrtq89m,moma_mdvt-ali-6837,"(5605, 422)",9.0,"[48.0, 85.0]"
272.0,100.0,[art mortimer],"[1986.0, 2011.0]",[mortimer],"[1941, 2099]",0,googleart_t219hrtqd9g,moma_mdvt-mortimer-7075,"(5610, 7964)",3.0,"[45.0, 88.0]"
273.0,85.0,[christopher “daze” ellis],"[1982.0, 1988.0]",[christopher orr],"[1967, 2099]",0,googleart_t219hrtqpy4,moma_mdvt-christopher-orr-28745,"(5619, 1840)",7.0,"[15.0, 111.0]"
274.0,100.0,[fred clarke],"[2013.0, 2013.0]",[fred],"[1956, 2099]",0,googleart_t219hrtr8ph,moma_mdvt-fred-6838,"(5639, 3442)",3.0,"[57.0, 86.0]"
370.0,84.0,[fred clarke],"[2013.0, 2013.0]",[ed clark],"[1926, 2099]",0,googleart_t219hrtr8ph,moma_mdvt-ed-clark-45801,"(2613, 5639)",4.0,"[87.0, 86.0]"
275.0,86.0,[gilbert shelton],"[1940, 2099]",[helen gilbert],"[1997.0, 1997.0]",0,googleart_t219hrtr9fk,moma_mdvt-helen-gilbert-7876,"(5641, 4352)",12.0,"[57.0, 102.0]"
276.0,100.0,[gus],"[2011.0, 2014.0]",[gus van sant],"[1952, 2099]",0,googleart_t219hrtrf2c,moma_mdvt-gus-van-sant-34944,"(5647, 4062)",3.0,"[59.0, 85.0]"
277.0,100.0,[hancock],"[2010.0, 2010.0]",[john lee hancock],"[1956, 2099]",0,googleart_t219hrtrff3,moma_mdvt-john-lee-hancock-44377,"(5650, 5616)",1.0,"[54.0, 89.0]"
279.0,100.0,[hancock],"[2010.0, 2010.0]",[trenton doyle hancock],"[1974, 2099]",0,googleart_t219hrtrff3,moma_mdvt-trenton-doyle-hancock-27713,"(5650, 10832)",10.0,"[36.0, 89.0]"
278.0,100.0,[hancock],"[2010.0, 2010.0]",[hancock laverne],"[1926, 2099]",0,googleart_t219hrtrff3,moma_mdvt-hancock-laverne-7188,"(5650, 4157)",1.0,"[84.0, 89.0]"
280.0,89.0,[muck rock],"[2014.0, 2014.0]",[mick rock],"[1949, 2099]",0,googleart_t219hrtsm_y,moma_mdvt-mick-rock-34933,"(5671, 7806)",2.0,"[65.0, 85.0]"
281.0,100.0,[sharp],"[1966, 2099]",[tim sharp],"[1974, 2099]",0,googleart_t219hrttl_z,moma_mdvt-tim-sharp-31008,"(5686, 10687)",7.0,"[8, 0]"
282.0,84.0,[stephanie rond],"[1973, 2099]",[stephanie rothman],"[1936, 2099]",0,googleart_t219hrtttf0,moma_mdvt-stephanie-rothman-49723,"(5694, 10268)",9.0,"[37, 0]"
109.0,100.0,"[narcisse-virgilio diaz, narcisse virgilio díaz, diaz de la pena, virgile-narcisse, narcisse-virgilio díaz de la peña, diaz de la peña, narcisse virgile]","[1807, 1876]",[narcisse diaz],"[1809, 1876]",1,"meisterwerke_diaz de la pena, virgile-narcisse",moma_mdvt-narcisse-diaz-1531,"(1693, 8048)",36.0,"[2, 0]"
9.0,100.0,"[macke, august, august macke]","[1887, 1915.0]",[august macke],"[1887, 1914]",1,"meisterwerke_macke, august",moma_mdvt-august-macke-3670,"(230, 921)",301.0,"[0, 1.0]"
142.0,100.0,"[motonaga, kiitsu, shiën, shukurinsai, kiichi, kwaikwai, isandō, suzuki motonaga, tamesaburō, ōsō, seisei, hitsuan, suzuki, kiitsu, teihakushi, suzuki kiitsu, kaikai, suzuki, niwabyōshi]","[1796, 1858]",[fratelli grivel (now grivel s.r.l.)],"[1818, 1828]",0,meisterwerke_suzuki kiitsu,moma_mdvt-fratelli-grivel-(now-grivel-s.r.l.)-10374,"(2377, 3425)",12.0,"[22, 30]"
284.0,100.0,"[zille, heinrich]","[1904.0, 1918.0]",[heinrich zille],"[1858, 1929]",1,"meisterwerke_zille, heinrich",moma_mdvt-heinrich-zille-6568,"(10037, 4333)",7.0,"[46.0, 11.0]"
100.0,92.0,"[bracquemond, marie, marie bracquemond, marie quivoron]","[1840, 1916]",[f. bracquemond],"[1833, 1914]",0,"wga_bracquemond, marie, (1840-1916)",moma_mdvt-f.-bracquemond-6719,"(1541, 3134)",24.0,"[7, 2]"
420.0,84.0,"[henri-martin, martin, henri, henri, martin, henri jean guillaume, henri-jean guillaume martin, henri martin, martin, henri-jean-guillaume]","[1860, 1943]",[henri manguin],"[1874, 1949]",0,"wga_martin, henri-jean-guillaume, (1860-1943)",moma_mdvt-henri-manguin-3725,"(4405, 949)",411.0,"[14, 6]"
63.0,100.0,"[henri-martin, martin, henri, henri, martin, henri jean guillaume, henri-jean guillaume martin, henri martin, martin, henri-jean-guillaume]","[1860, 1943]",[henri de toulouse-lautrec],"[1864, 1901]",0,"wga_martin, henri-jean-guillaume, (1860-1943)",moma_mdvt-henri-de-toulouse-lautrec-5910,"(949, 4387)",511.0,"[4, 42]"
70.0,100.0,"[henri-martin, martin, henri, henri, martin, henri jean guillaume, henri-jean guillaume martin, henri martin, martin, henri-jean-guillaume]","[1860, 1943]",[henri rivière],"[1864, 1951]",0,"wga_martin, henri-jean-guillaume, (1860-1943)",moma_mdvt-henri-rivière-4946,"(949, 4411)",411.0,"[4, 8]"
69.0,100.0,"[henri-martin, martin, henri, henri, martin, henri jean guillaume, henri-jean guillaume martin, henri martin, martin, henri-jean-guillaume]","[1860, 1943]",[henri (paul herrmann) héran],"[1864, 1940]",0,"wga_martin, henri-jean-guillaume, (1860-1943)",moma_mdvt-henri-(paul-herrmann)-héran-2601,"(949, 4383)",409.0,"[4, 3]"
68.0,100.0,"[henri-martin, martin, henri, henri, martin, henri jean guillaume, henri-jean guillaume martin, henri martin, martin, henri-jean-guillaume]","[1860, 1943]",[henri meunier],"[1873, 1922]",0,"wga_martin, henri-jean-guillaume, (1860-1943)",moma_mdvt-henri-meunier-3952,"(949, 4407)",409.0,"[13, 21]"
67.0,100.0,"[henri-martin, martin, henri, henri, martin, henri jean guillaume, henri-jean guillaume martin, henri martin, martin, henri-jean-guillaume]","[1860, 1943]",[henri gerbault],"[1863, 1930]",0,"wga_martin, henri-jean-guillaume, (1860-1943)",moma_mdvt-henri-gerbault-40732,"(949, 4396)",410.0,"[3, 13]"
66.0,100.0,"[henri-martin, martin, henri, henri, martin, henri jean guillaume, henri-jean guillaume martin, henri martin, martin, henri-jean-guillaume]","[1860, 1943]",[henri-gustave jossot],"[1866, 1951]",0,"wga_martin, henri-jean-guillaume, (1860-1943)",moma_mdvt-henri-gustave-jossot-2945,"(949, 4399)",409.0,"[6, 8]"
65.0,100.0,"[henri-martin, martin, henri, henri, martin, henri jean guillaume, henri-jean guillaume martin, henri martin, martin, henri-jean-guillaume]","[1860, 1943]",[henri-gabriel ibels],"[1867, 1936]",0,"wga_martin, henri-jean-guillaume, (1860-1943)",moma_mdvt-henri-gabriel-ibels-2791,"(949, 4393)",420.0,"[7, 7]"
64.0,100.0,"[henri-martin, martin, henri, henri, martin, henri jean guillaume, henri-jean guillaume martin, henri martin, martin, henri-jean-guillaume]","[1860, 1943]",[henri gaudier-brzeska],"[1891, 1915]",0,"wga_martin, henri-jean-guillaume, (1860-1943)",moma_mdvt-henri-gaudier-brzeska-2097,"(949, 4394)",410.0,"[31, 28]"
71.0,100.0,"[henri-martin, martin, henri, henri, martin, henri jean guillaume, henri-jean guillaume martin, henri martin, martin, henri-jean-guillaume]","[1860, 1943]",[henri lebasque],"[1865, 1947]",0,"wga_martin, henri-jean-guillaume, (1860-1943)",moma_mdvt-henri-lebasque-40746,"(949, 4404)",410.0,"[5, 4]"
62.0,100.0,"[henri-martin, martin, henri, henri, martin, henri jean guillaume, henri-jean guillaume martin, henri martin, martin, henri-jean-guillaume]","[1860, 1943]",[henri evenepoel],"[1872, 1899]",0,"wga_martin, henri-jean-guillaume, (1860-1943)",moma_mdvt-henri-evenepoel-1779,"(949, 4391)",409.0,"[12, 44]"
283.0,100.0,"[regnault, henri]","[1843, 1871]",[henri-victor regnault],"[1810, 1878]",0,"wga_regnault, henri, (1843-1871)",moma_mdvt-henri-victor-regnault-7904,"(8012, 4414)",5.0,"[33, 7]"
88.0,97.0,"[rippl-ronai, jozsef, rippl-rónai, józsef, jozsef rippl-ronai, józsef rippl-rónai]","[1861, 1927]",[jozsef rippl-rónai],"[1894.0, 1894.0]",1,"wga_rippl-rónai, józsef, (1861-1927)",moma_mdvt-jozsef-rippl-rónai-4935,"(1292, 5928)",127.0,"[33.0, 33.0]"
6.0,100.0,"[anders leonard zorn, zorn, anders, anders zorn]","[1860, 1920]",[anders zorn],"[1892.0, 1892.0]",1,"wga_zorn, anders, (1860-1920)",moma_mdvt-anders-zorn-6584,"(132, 537)",169.0,"[32.0, 28.0]"
0.0,100.0,"[robert del naja, 3d]","[1966, 2099]",[robert del naja],"[1965, 2099]",1,wiki_3d,moma_mdvt-robert-del-naja-32475,"(0, 9403)",10.0,"[1, 0]"
1.0,100.0,"[adolf richard fleischmann, adolf fleischmann]","[1892, 1968]",[adolf richard fleischmann],"[1892, 1969]",1,wiki_adolf-fleischmann,moma_mdvt-adolf-richard-fleischmann-1913,"(16, 105)",26.0,"[0, 1]"
2.0,100.0,[alberto gironella],"[1929, 1999]",[alberto gironella],"[1929, 2099]",1,wiki_alberto-gironella,moma_mdvt-alberto-gironella-2177,"(63, 246)",22.0,"[0, 100]"
3.0,100.0,[alberto magnelli],"[1888, 1970]",[alberto magnelli],"[1888, 1971]",1,wiki_alberto-magnelli,moma_mdvt-alberto-magnelli-3690,"(64, 248)",35.0,"[0, 1]"
5.0,100.0,"[ali omar ermes, علي عمر الرميص]","[1945, 2099]",[ali],"[1956, 2099]",0,wiki_ali-omar-ermes,moma_mdvt-ali-6837,"(107, 422)",15.0,"[11, 0]"
7.0,100.0,"[sir anthony alfred caro, om, cbe, anthony caro]","[1924, 2099]",[anthony caro],"[1924, 2013]",1,wiki_anthony-caro,moma_mdvt-anthony-caro-982,"(169, 695)",0.0,"[0, 86]"
8.0,85.0,"[antonio areal, antónio santiago gonçalves areal e silva]","[1934, 1978]",[antonio saura],"[1930, 1998]",0,wiki_antonio-areal,moma_mdvt-antonio-saura-5181,"(180, 762)",42.0,"[4, 20]"
11.0,100.0,"[ay-o, iijima, ay-o (靉嘔); takao iijima, ai-ō, ai ō, takao, takao, iijima, iijima takao]","[1931, 2099]",[ai weiwei],"[1957, 2099]",0,wiki_ay-o,moma_mdvt-ai-weiwei-34722,"(240, 149)",11.0,"[26, 0]"
10.0,100.0,"[ay-o, iijima, ay-o (靉嘔); takao iijima, ai-ō, ai ō, takao, takao, iijima, iijima takao]","[1931, 2099]",[takao sasai],"[1956, 2099]",0,wiki_ay-o,moma_mdvt-takao-sasai-5170,"(240, 10465)",11.0,"[25, 0]"
12.0,100.0,"[ay-o, iijima, ay-o (靉嘔); takao iijima, ai-ō, ai ō, takao, takao, iijima, iijima takao]","[1931, 2099]",[takao yamada],"[1938, 2099]",0,wiki_ay-o,moma_mdvt-takao-yamada-6480,"(240, 10466)",11.0,"[7, 0]"
25.0,100.0,"[benjamin vautier, ben]","[1935, 2099]",[ben sakoguchi],"[1938, 2099]",0,wiki_ben,moma_mdvt-ben-sakoguchi-5119,"(262, 1078)",19.0,"[3, 0]"
22.0,100.0,"[benjamin vautier, ben]","[1935, 2099]",[ben langlands],"[1955, 2099]",0,wiki_ben,moma_mdvt-ben-langlands-14137,"(262, 1073)",19.0,"[20, 0]"
24.0,100.0,"[benjamin vautier, ben]","[1935, 2099]",[ben affleck],"[1972, 2099]",0,wiki_ben,moma_mdvt-ben-affleck-46860,"(262, 1062)",19.0,"[37, 0]"
13.0,100.0,"[benjamin vautier, ben]","[1935, 2099]",[ben johnston],"[1926, 2099]",0,wiki_ben,moma_mdvt-ben-johnston-47775,"(262, 1069)",19.0,"[9, 0]"
14.0,100.0,"[benjamin vautier, ben]","[1935, 2099]",[ben drury],"[1972, 2099]",0,wiki_ben,moma_mdvt-ben-drury-47286,"(262, 1064)",19.0,"[37, 0]"
15.0,100.0,"[benjamin vautier, ben]","[1935, 2099]",[ben katchor],"[1951, 2099]",0,wiki_ben,moma_mdvt-ben-katchor-43521,"(262, 1070)",19.0,"[16, 0]"
16.0,100.0,"[benjamin vautier, ben]","[1935, 2099]",[ben fry],"[1975, 2099]",0,wiki_ben,moma_mdvt-ben-fry-32964,"(262, 1067)",19.0,"[40, 0]"
17.0,100.0,"[benjamin vautier, ben]","[1935, 2099]",[ben van berkel],"[1957, 2099]",0,wiki_ben,moma_mdvt-ben-van-berkel-7529,"(262, 1082)",19.0,"[22, 0]"
18.0,100.0,"[benjamin vautier, ben]","[1935, 2099]",[ben faydherbe],"[1958, 2099]",0,wiki_ben,moma_mdvt-ben-faydherbe-7601,"(262, 1066)",19.0,"[23, 0]"
19.0,100.0,"[benjamin vautier, ben]","[1935, 2099]",[guy ben-ner],"[1969, 2099]",0,wiki_ben,moma_mdvt-guy-ben-ner-35516,"(262, 4084)",19.0,"[34, 0]"
20.0,100.0,"[benjamin vautier, ben]","[1935, 2099]",[zadok ben-david],"[1949, 2099]",0,wiki_ben,moma_mdvt-zadok-ben-david-40912,"(262, 11607)",19.0,"[14, 0]"
21.0,100.0,"[benjamin vautier, ben]","[1935, 2099]",[ben schonzeit],"[1942, 2099]",0,wiki_ben,moma_mdvt-ben-schonzeit-5262,"(262, 1079)",20.0,"[7, 0]"
26.0,100.0,"[benjamin vautier, ben]","[1935, 2099]",[ben johnson],"[1946, 2099]",0,wiki_ben,moma_mdvt-ben-johnson-48318,"(262, 1068)",20.0,"[11, 0]"
23.0,100.0,"[benjamin vautier, ben]","[1935, 2099]",[ben kinmont],"[1963, 2099]",0,wiki_ben,moma_mdvt-ben-kinmont-41829,"(262, 1071)",30.0,"[28, 0]"
28.0,84.0,[bernard aubertin],"[1934, 2099]",[bernard joubert],"[1946, 2099]",0,wiki_bernard-aubertin,moma_mdvt-bernard-joubert-2946,"(272, 1136)",14.0,"[12, 0]"
27.0,84.0,[bernard aubertin],"[1934, 2099]",[bernard quentin],"[1923, 2099]",0,wiki_bernard-aubertin,moma_mdvt-bernard-quentin-4769,"(272, 1141)",14.0,"[11, 0]"
29.0,100.0,[bernard schultze],"[1915, 2005]",[bernard schultze],"[1915, 1973.0]",1,wiki_bernard-schultze,moma_mdvt-bernard-schultze-5275,"(275, 1145)",20.0,"[0, 32.0]"
31.0,100.0,[bradley walker tomlin],"[1899, 1955]",[bradley walker tomlin],"[1899, 1953]",1,wiki_bradley-walker-tomlin,moma_mdvt-bradley-walker-tomlin-5896,"(299, 1321)",24.0,"[0, 2]"
32.0,100.0,"[van velde, bram, bram abraham gerardus van velde, velde, abraham gerardus van, velde, a. g. van, bram van velde, velde, abraham g. van, velde, bram van]","[1892, 1981]",[bram van velde],"[1895, 1981]",1,wiki_bram-van-velde,moma_mdvt-bram-van-velde-6124,"(301, 1322)",24.0,"[3, 0]"
33.0,100.0,"[camille bryen, camille briand]","[1907, 1977]",[camille bryen],"[1907, 1976]",1,wiki_camille-bryen,moma_mdvt-camille-bryen-837,"(316, 1452)",24.0,"[0, 1]"
34.0,100.0,[carmen herrera],"[1915, 2009.0]",[carmen herrera],"[1915, 1952.0]",1,wiki_carmen-herrera,moma_mdvt-carmen-herrera-30075,"(340, 1555)",17.0,"[0, 57.0]"
35.0,89.28,"[russell, charles m., charles m. russell, charles marion russell, russell, charles marion, charles marion]","[1863, 1926]",[charles maurin],"[1856, 1914]",0,wiki_charles-m-russell,moma_mdvt-charles-maurin-3856,"(365, 1697)",403.0,"[7, 12]"
36.0,85.0,[charles robinson],"[1870, 1937]",[charles hopkinson],"[1869, 1962]",0,wiki_charles-robinson,moma_mdvt-charles-hopkinson-2725,"(370, 1676)",44.0,"[1, 25]"
347.0,85.0,[christopher willard],"[1960, 2099]",[christopher orr],"[1967, 2099]",0,wiki_christopher-willard,moma_mdvt-christopher-orr-28745,"(1840, 390)",12.0,"[7, 0]"
37.0,87.0,[christopher willard],"[1960, 2099]",[christopher williams],"[1956, 2099]",0,wiki_christopher-willard,moma_mdvt-christopher-williams-28858,"(390, 1844)",34.0,"[4, 0]"
38.0,100.0,"[beverloo, cornelis van, beverloo, corneille guillaume, corneille, guillaume cornelis van beverloo, corneille, cornélis van beverloo]","[1922, 2010]",[corneille hannoset],"[1926, 1997]",0,wiki_corneille,moma_mdvt-corneille-hannoset-43696,"(432, 1995)",39.0,"[4, 13]"
354.0,88.0,[daniel buren],"[1938, 2099]",[daniel burman],"[1973, 2099]",0,wiki_daniel-buren,moma_mdvt-daniel-burman-35993,"(2102, 456)",7.0,"[35, 0]"
39.0,100.0,"[desmond morris, desmond john morris]","[1928, 2099]",[john morris],"[1965, 2099]",0,wiki_desmond-morris,moma_mdvt-john-morris-8320,"(489, 5641)",40.0,"[37, 0]"
40.0,87.0,[dieter asmus],"[1939, 2099]",[dieter rams],"[1932, 2099]",0,wiki_dieter-asmus,moma_mdvt-dieter-rams-8451,"(492, 2401)",16.0,"[7, 0]"
43.0,100.0,[emil schumacher],"[1912, 1999]",[emil schumacher],"[1912, 1973.0]",1,wiki_emil-schumacher,moma_mdvt-emil-schumacher-5277,"(575, 2841)",26.0,"[0, 26.0]"
376.0,86.0,"[emile bernard, émile bernard, bernard, émile, émile henri bernard]","[1868, 1941]",[emile branchard],"[1881, 1938]",0,wiki_emile-bernard,moma_mdvt-emile-branchard-737,"(2842, 576)",41.0,"[13, 3]"
44.0,100.0,[emilio scanavino],"[1922, 1986]",[emilio scanavino],"[1922, 2099]",1,wiki_emilio-scanavino,moma_mdvt-emilio-scanavino-5193,"(581, 2857)",29.0,"[0, 113]"
45.0,100.0,[ernst fuchs],"[1930, 2099]",[ernst fuchs],"[1930, 2015]",1,wiki_ernst-fuchs,moma_mdvt-ernst-fuchs-2021,"(603, 3002)",64.0,"[0, 84]"
46.0,100.0,"[eugène samuel grasset, eugène grasset]","[1845, 1917]",[eugène grasset],"[1841, 1917]",1,wiki_eug-ne-grasset,moma_mdvt-eugène-grasset-2301,"(615, 3093)",57.0,"[4, 0]"
47.0,100.0,"[fab-5-freddy, fab 5 freddy, fab 5, braithwaite, fred, fred brathwaite]","[1958, 2099]",[fred],"[1956, 2099]",0,wiki_fab-5-freddy,moma_mdvt-fred-6838,"(630, 3442)",10.0,"[2, 0]"
49.0,100.0,"[frank helmut auerbach, frank auerbach]","[1931, 2099]",[frank auerbach],"[1931, 1939]",1,wiki_frank-auerbach,moma_mdvt-frank-auerbach-240,"(687, 3341)",54.0,"[0, 160]"
50.0,100.0,[frank lobdell],"[1921, 2013]",[frank lobdell],"[1921, 2099]",1,wiki_frank-lobdell,moma_mdvt-frank-lobdell-3576,"(692, 3365)",43.0,"[0, 86]"
51.0,100.0,"[frederick john eversley, fred eversley]","[1941, 2099]",[fred],"[1956, 2099]",0,wiki_fred-eversley,moma_mdvt-fred-6838,"(703, 3442)",1.0,"[15, 0]"
52.0,100.0,[gandy brodie],"[1924, 1975]",[gandy brodie],"[1925, 1975]",1,wiki_gandy-brodie,moma_mdvt-gandy-brodie-787,"(739, 3567)",23.0,"[1, 0]"
53.0,84.0,"[george henry, brown, george henry alan, brown, george h. a.]","[1862, 1935.0]",[henry george keller],"[1869, 1949]",0,wiki_george-henry,moma_mdvt-henry-george-keller-3042,"(759, 4429)",38.0,"[7, 14.0]"
397.0,89.0,"[lemmen, georges, georges lemmen]","[1865, 1916]",[georges demenÿ],"[1850, 1917]",0,wiki_georges-lemmen,moma_mdvt-georges-demenÿ-7839,"(3727, 778)",34.0,"[15, 1]"
54.0,100.0,[germaine richier],"[1902, 1959]",[germaine richier],"[1904, 1959]",1,wiki_germaine-richier,moma_mdvt-germaine-richier-4905,"(797, 3788)",11.0,"[2, 0]"
55.0,100.0,[giulio turcato],"[1912, 1995]",[giulio turcato],"[1912, 1922]",1,wiki_giulio-turcato,moma_mdvt-giulio-turcato-5972,"(838, 3893)",36.0,"[0, 73]"
56.0,100.0,[gottfried honegger],"[1917, 2003.0]",[gottfried honegger],"[1917, 2016]",1,wiki_gottfried-honegger,moma_mdvt-gottfried-honegger-2719,"(850, 3962)",20.0,"[0, 13.0]"
57.0,100.0,[gustav metzger],"[1926, 2099]",[gustav metzger],"[1926, 2017]",1,wiki_gustav-metzger,moma_mdvt-gustav-metzger-43107,"(881, 4072)",1.0,"[0, 82]"
58.0,100.0,[gustave singier],"[1909, 1984]",[gustave singier],"[1926.0, 1953.0]",1,wiki_gustave-singier,moma_mdvt-gustave-singier-5448,"(890, 4079)",46.0,"[17.0, 31.0]"
59.0,100.0,"[gyula kosice, fernando fallik]","[1924, 2099]",[gyula kosice (fernando fallik)],"[1924, 2016]",1,wiki_gyula-kosice,moma_mdvt-gyula-kosice-(fernando-fallik)-27446,"(895, 4101)",3.0,"[0, 83]"
60.0,87.0,"[sir hans heysen, obe (wilhelm ernst hans franz heysen), hans heysen]","[1877, 1968]",[ernst wilhelm nay],"[1902, 1968]",0,wiki_hans-heysen,moma_mdvt-ernst-wilhelm-nay-4245,"(909, 3016)",41.0,"[25, 0]"
61.0,93.0,"[hassan massoudy (حسن المسعود الخطاط), hassan massoudy]","[1944, 2099]",[massoud hassani],"[1983, 2099]",0,wiki_hassan-massoudy,moma_mdvt-massoud-hassani-41822,"(921, 7484)",19.0,"[39, 0]"
72.0,84.0,"[hiro yamagata, 山形 博導]","[1948, 2099]",[yo yamagata],"[1962, 2099]",0,wiki_hiro-yamagata,moma_mdvt-yo-yamagata-22838,"(975, 11538)",91.0,"[14, 0]"
73.0,100.0,[horia damian],"[1922, 2012]",[horia damian],"[1922, 2099]",1,wiki_horia-damian,moma_mdvt-horia-damian-1369,"(990, 4565)",19.0,"[0, 87]"
74.0,100.0,"[hovhannes zardaryan, հովհաննես զարդարjան]","[1918, 1973.0]",[alex j. ettl],"[1898, 1992]",0,wiki_hovhannes-zardaryan,moma_mdvt-alex-j.-ettl-1768,"(991, 313)",5.0,"[20, 19.0]"
75.0,100.0,"[hovhannes zardaryan, հովհաննես զարդարjան]","[1918, 1973.0]",[jan j. schoonhoven],"[1914, 1994]",0,wiki_hovhannes-zardaryan,moma_mdvt-jan-j.-schoonhoven-5266,"(991, 5034)",15.0,"[4, 21.0]"
80.0,100.0,"[hovhannes zardaryan, հովհաննես զարդարjան]","[1918, 1973.0]",[davis j. pratt],"[1917, 1987]",0,wiki_hovhannes-zardaryan,moma_mdvt-davis-j.-pratt-4723,"(991, 2295)",5.0,"[1, 14.0]"
79.0,100.0,"[hovhannes zardaryan, հովհաննես զարդարjան]","[1918, 1973.0]",[paul j. smith],"[1906, 1980]",0,wiki_hovhannes-zardaryan,moma_mdvt-paul-j.-smith-41929,"(991, 8564)",5.0,"[12, 7.0]"
77.0,100.0,"[hovhannes zardaryan, հովհաննես զարդարjան]","[1918, 1973.0]",[fredrick j. whiteman],"[1909, 1997]",0,wiki_hovhannes-zardaryan,moma_mdvt-fredrick-j.-whiteman-6741,"(991, 3463)",5.0,"[9, 24.0]"
76.0,100.0,"[hovhannes zardaryan, հովհաննես զարդարjան]","[1918, 1973.0]",[j. arrelano fischer],"[1911, 1995]",0,wiki_hovhannes-zardaryan,moma_mdvt-j.-arrelano-fischer-13,"(991, 4814)",5.0,"[7, 22.0]"
78.0,100.0,"[hovhannes zardaryan, հովհաննես զարդարjան]","[1918, 1973.0]",[john j. cu roi],"[1920, 1930]",0,wiki_hovhannes-zardaryan,moma_mdvt-john-j.-cu-roi-1322,"(991, 5602)",5.0,"[2, 43.0]"
82.0,100.0,"[jacques hérold, herold blumer]","[1910, 1987]",[jacques hérold],"[1910, 1991]",1,wiki_jacques-h-rold,moma_mdvt-jacques-hérold-2616,"(1071, 4906)",47.0,"[0, 4]"
84.0,86.0,[jean carzou],"[1907, 2000]",[jean carlu],"[1900, 1997]",0,wiki_jean-carzou,moma_mdvt-jean-carlu-977,"(1127, 5151)",1.0,"[7, 3]"
85.0,100.0,"[jesus rafael soto, jesús rafael soto]","[1923, 2005]",[jess],"[1923, 2004]",0,wiki_jesus-rafael-soto,moma_mdvt-jess-2913,"(1168, 5319)",18.0,"[0, 1]"
86.0,100.0,"[pancetti, giuseppe gianinni, giuseppe giannini pancetti, jose pancetti, pancetti, josé, pancetti, josé gianini]","[1902, 1958]",[josé pancetti],"[1904, 1958]",1,wiki_jose-pancetti,moma_mdvt-josé-pancetti-4481,"(1275, 5906)",35.0,"[2, 0]"
87.0,87.0,"[josef herman, josef herman (joe bach)]","[1911, 2000]",[herman rose],"[1909, 2007]",0,wiki_josef-herman,moma_mdvt-herman-rose-5019,"(1277, 4478)",16.0,"[2, 7]"
89.0,100.0,"[judy chicago, judy cohen]","[1939, 2099]",[judy chicago],"[1937, 2099]",1,wiki_judy-chicago,moma_mdvt-judy-chicago-1099,"(1298, 5984)",25.0,"[2, 0]"
90.0,100.0,[julian stanczak],"[1928, 2099]",[julian stanczak],"[1928, 2017]",1,wiki_julian-stanczak,moma_mdvt-julian-stanczak-5599,"(1310, 6023)",19.0,"[0, 82]"
92.0,100.0,"[kit williams, christopher williams]","[1946, 2099]",[christopher williams],"[1956, 2099]",0,wiki_kit-williams,moma_mdvt-christopher-williams-28858,"(1371, 1844)",53.0,"[10, 0]"
348.0,85.0,"[kit williams, christopher williams]","[1946, 2099]",[christopher orr],"[1967, 2099]",0,wiki_kit-williams,moma_mdvt-christopher-orr-28745,"(1840, 1371)",31.0,"[21, 0]"
93.0,100.0,[konrad klapheck],"[1935, 2099]",[konrad klapheck],"[1977.0, 1977.0]",1,wiki_konrad-klapheck,moma_mdvt-konrad-klapheck-3126,"(1378, 6431)",11.0,"[42.0, 122.0]"
94.0,100.0,"[kukryniksy, кукрыниксы]","[1941.0, 1948.0]",[kukryniksy (collective)],"[1924, 2099]",1,wiki_kukryniksy,moma_mdvt-kukryniksy-(collective)-37855,"(1391, 6455)",174.0,"[17.0, 151.0]"
95.0,100.0,"[larry zox, lawrence zox]","[1937, 2006]",[larry zox],"[1936, 2006]",1,wiki_larry-zox,moma_mdvt-larry-zox-6586,"(1403, 6526)",49.0,"[1, 0]"
96.0,100.0,[louis cane],"[1945, 2099]",[louis cane],"[1943, 2099]",1,wiki_louis-cane,moma_mdvt-louis-cane-948,"(1463, 6828)",17.0,"[2, 0]"
470.0,84.0,[louis cane],"[1945, 2099]",[lois lane],"[1948, 2099]",1,wiki_louis-cane,moma_mdvt-lois-lane-3369,"(6784, 1463)",21.0,"[3, 0]"
97.0,100.0,"[louis marcoussis, ludwik kazimierz wladyslaw markus]","[1878, 1941]",[louis marcoussis],"[1883, 1941]",1,wiki_louis-marcoussis,moma_mdvt-louis-marcoussis-3757,"(1466, 6852)",71.0,"[5, 0]"
98.0,94.0,[luciano bartolini],"[1948, 1994]",[lucia bartolini],"[1944, 2099]",1,wiki_luciano-bartolini,moma_mdvt-lucia-bartolini-34561,"(1486, 6905)",45.0,"[4, 105]"
471.0,84.0,"[manuel alvarez bravo, manuel álvarez bravo]","[1902, 2002]",[lola alvarez bravo],"[1907, 1993]",0,wiki_manuel-alvarez-bravo,moma_mdvt-lola-alvarez-bravo-7921,"(6787, 1516)",0.0,"[5, 9]"
478.0,87.0,"[marcel hermann iancu, marcel janco]","[1895, 1984]",[marcel jean],"[1900, 1993]",0,wiki_marcel-janco,moma_mdvt-marcel-jean-2898,"(7146, 1526)",39.0,"[5, 9]"
101.0,100.0,"[maria sol escobar (marisol), marisol escobar]","[1930, 2099]",[marisol (marisol escobar)],"[1930, 2016]",1,wiki_marisol-escobar,moma_mdvt-marisol-(marisol-escobar)-3774,"(1559, 7301)",24.0,"[0, 83]"
390.0,87.0,[martin creed],"[1968, 2099]",[fred martin],"[1927, 2099]",0,wiki_martin-creed,moma_mdvt-fred-martin-3791,"(3430, 1576)",8.0,"[41, 0]"
103.0,100.0,[max walter svanberg],"[1912, 1994]",[max walter svanberg],"[1912, 1922]",1,wiki_max-walter-svanberg,moma_mdvt-max-walter-svanberg-5747,"(1615, 7603)",12.0,"[0, 72]"
104.0,92.0,[michael sowa],"[1945, 2099]",[michael snow],"[1929, 2099]",0,wiki_michael-sowa,moma_mdvt-michael-snow-5500,"(1638, 7760)",54.0,"[16, 0]"
105.0,100.0,[miriam schapiro],"[1923, 2099]",[miriam schapiro],"[1923, 2015]",0,wiki_miriam-schapiro,moma_mdvt-miriam-schapiro-5204,"(1663, 7894)",74.0,"[0, 84]"
106.0,100.0,"[cuixart tàpies, modest, modest cuixart i tàpies, cuixart tapies, modesto, cuixart, modesto, cuixart tápies, modest, modest cuixart, guixart, modest, cuixart, modest, cuixart i tàpies, modest, cuixart tápies, modesto]","[1925, 2007]",[modest cuixart],"[1925, 2001]",1,wiki_modest-cuixart,moma_mdvt-modest-cuixart-1326,"(1665, 7915)",50.0,"[0, 6]"
107.0,93.0,"[mstislav dobuzhinsky, мстислав добужинский (mstislavas dobužinskis)]","[1875, 1957]",[mstislav dobuzhinskii],"[1875, 1952]",1,wiki_mstislav-dobuzhinsky,moma_mdvt-mstislav-dobuzhinskii-23315,"(1677, 7979)",165.0,"[0, 5]"
108.0,100.0,[nancy graves],"[1939, 1995]",[nancy graves],"[1940, 1995]",1,wiki_nancy-graves,moma_mdvt-nancy-graves-2310,"(1689, 8023)",7.0,"[1, 0]"
111.0,100.0,"[norman ackroyd, norman ackroyd, cbe, ra]","[1938, 2099]",[norman ackroyd],"[1970.0, 1980.0]",1,wiki_norman-ackroyd,moma_mdvt-norman-ackroyd-55,"(1733, 8234)",18.0,"[32.0, 119.0]"
112.0,100.0,[norman bluhm],"[1921, 1999]",[norman bluhm],"[1920, 1999]",1,wiki_norman-bluhm,moma_mdvt-norman-bluhm-613,"(1734, 8235)",36.0,"[1, 0]"
115.0,100.0,"[dominguez, oscar, oscar, oscar dominguez, domínguez, oscar, domínguez, oscar manuel, domínguez palazón, oscar manuel, óscar m. domínguez, palazón, oscar manuel domínguez, domínguez palazón, oscar, domínguez, domínguez, o.]","[1906, 1957]",[oscar jespers],"[1887, 1970]",0,wiki_oscar-dominguez,moma_mdvt-oscar-jespers-2912,"(1762, 8342)",21.0,"[19, 13]"
113.0,100.0,"[dominguez, oscar, oscar, oscar dominguez, domínguez, oscar, domínguez, oscar manuel, domínguez palazón, oscar manuel, óscar m. domínguez, palazón, oscar manuel domínguez, domínguez palazón, oscar, domínguez, domínguez, o.]","[1906, 1957]",[gustaf oscar dalström],"[1893, 1971]",0,wiki_oscar-dominguez,moma_mdvt-gustaf-oscar-dalström-1366,"(1762, 4063)",22.0,"[13, 14]"
114.0,100.0,"[dominguez, oscar, oscar, oscar dominguez, domínguez, oscar, domínguez, oscar manuel, domínguez palazón, oscar manuel, óscar m. Domínguez, palazón, oscar manuel domínguez, domínguez palazón, oscar, domínguez, domínguez, o.]","[1906, 1957]",[oscar nitzchke],"[1900, 1991]",0,wiki_oscar-dominguez,moma_mdvt-oscar-nitzchke-4312,"(1762, 8346)",21.0,"[6, 34]"
116.0,100.0,[pat steir],"[1938, 2099]",[pat steir],"[1940, 2099]",1,wiki_pat-steir,moma_mdvt-pat-steir-5637,"(1792, 8479)",26.0,"[2, 0]"
117.0,100.0,[patrick henry bruce],"[1880, 1936]",[patrick henry bruce],"[1881, 1936]",1,wiki_patrick-henry-bruce,moma_mdvt-patrick-henry-bruce-821,"(1794, 8493)",18.0,"[1, 0]"
118.0,84.0,"[paul allen reed, paul reed]","[1919, 2005.0]",[paul revel],"[1922, 1983]",0,wiki_paul-reed,moma_mdvt-paul-revel-4880,"(1816, 8603)",41.0,"[3, 22.0]"
452.0,84.0,"[paul john wonner, paul wonner]","[1920, 2008]",[john paul jones],"[1924, 1999]",0,wiki_paul-wonner,moma_mdvt-john-paul-jones-2935,"(5656, 1822)",46.0,"[4, 9]"
119.0,100.0,"[paula modersohn-becker, modersohn-becker, paula]","[1876, 1908.0]",[paula modersohn-becker],"[1876, 1907]",1,wiki_paula-modersohn-becker,moma_mdvt-paula-modersohn-becker-4037,"(1824, 8643)",143.0,"[0, 1.0]"
120.0,100.0,[pedro coronel],"[1922, 1985]",[pedro coronel],"[1923, 1985]",1,wiki_pedro-coronel,moma_mdvt-pedro-coronel-1251,"(1834, 8670)",10.0,"[1, 0]"
121.0,87.0,[peter dreher],"[1932, 2099]",[peter roehr],"[1944, 1968]",0,wiki_peter-dreher,moma_mdvt-peter-roehr-35399,"(1843, 8783)",11.0,"[12, 131]"
514.0,84.0,[peter phillips],"[1939, 2099]",[paulette phillips],"[1956, 2099]",0,wiki_peter-phillips,moma_mdvt-paulette-phillips-35600,"(8646, 1849)",15.0,"[17, 0]"
122.0,100.0,[pierre soulages],"[1919, 2011.0]",[pierre soulages],"[1919, 1957.0]",1,wiki_pierre-soulages,moma_mdvt-pierre-soulages-5538,"(1881, 8909)",45.0,"[0, 54.0]"
123.0,100.0,"[reg butler, reginald cotterell butler]","[1913, 1981]",[reg butler],"[1913, 1983]",1,wiki_reg-butler,moma_mdvt-reg-butler-900,"(1931, 9131)",5.0,"[0, 2]"
125.0,100.0,"[rene portocarrero, rené portocarrero]","[1912, 1985]",[rene portocarrero],"[1914, 1985]",1,wiki_rene-portocarrero,moma_mdvt-rene-portocarrero-8514,"(1939, 9166)",26.0,"[2, 0]"
530.0,88.0,"[richard long, richard long cbe]","[1945, 2099]",[richard olson],"[1938, 2099]",0,wiki_richard-long,moma_mdvt-richard-olson-6829,"(9292, 1951)",3.0,"[7, 0]"
126.0,100.0,[richard oelze],"[1900, 1980]",[richard oelze],"[1900, 1981]",1,wiki_richard-oelze,moma_mdvt-richard-oelze-4376,"(1953, 9291)",16.0,"[0, 1]"
531.0,85.0,[richard prince],"[1949, 2099]",[richard pare],"[1948, 2099]",0,wiki_richard-prince,moma_mdvt-richard-pare-4496,"(9294, 1957)",3.0,"[1, 0]"
127.0,100.0,[richard serra],"[1939, 2099]",[richard serra],"[1938, 2099]",1,wiki_richard-serra,moma_mdvt-richard-serra-5349,"(1958, 9310)",30.0,"[1, 0]"
528.0,86.0,"[richard dean tuttle, richard tuttle]","[1941, 2099]",[richard hutten],"[1967, 2099]",0,wiki_richard-tuttle,moma_mdvt-richard-hutten-34174,"(9251, 1960)",37.0,"[26, 0]"
533.0,87.0,[robert barry],"[1936, 2099]",[robert bart],"[1923, 2099]",0,wiki_robert-barry,moma_mdvt-robert-bart-353,"(9374, 1967)",15.0,"[13, 0]"
128.0,100.0,[robert irwin],"[1928, 2099]",[irwin],"[1983, 2099]",1,wiki_robert-irwin,moma_mdvt-irwin-29979,"(1986, 4760)",3.0,"[55, 0]"
537.0,88.0,[robert morris],"[1931, 2099]",[robert morin],"[1949, 2099]",0,wiki_robert-morris,moma_mdvt-robert-morin-35609,"(9482, 1991)",0.0,"[18, 0]"
534.0,85.0,[robert ryman],"[1930, 2099]",[robert cremean],"[1932, 2099]",0,wiki_robert-ryman,moma_mdvt-robert-cremean-1301,"(9398, 1994)",39.0,"[2, 0]"
536.0,85.0,[robert ryman],"[1930, 2099]",[robert freeman],"[1936, 2099]",0,wiki_robert-ryman,moma_mdvt-robert-freeman-46484,"(9422, 1994)",39.0,"[6, 0]"
129.0,100.0,[roberto aizenberg],"[1922, 1996]",[roberto aizenberg],"[1928, 1996]",1,wiki_roberto-aizenberg,moma_mdvt-roberto-aizenberg-91,"(2002, 9532)",32.0,"[6, 0]"
130.0,100.0,[roger bissière],"[1886, 1964]",[roger bissière],"[1888, 1964]",1,wiki_roger-bissi-re,moma_mdvt-roger-bissière-574,"(2008, 9592)",42.0,"[2, 0]"
131.0,88.0,"[rudolf bauer, alexander georg rudolf bauer]","[1889, 1953]",[rudolph bauer],"[1889, 1954]",1,wiki_rudolf-bauer,moma_mdvt-rudolph-bauer-385,"(2036, 9743)",13.0,"[0, 1]"
132.0,100.0,"[serge charchoune, sergueï ivanovitch charchoun (сергей иванович шаршун)]","[1889, 1975]",[serge charchoune],"[1888, 1975]",1,wiki_serge-charchoune,moma_mdvt-serge-charchoune-1071,"(2075, 9979)",19.0,"[1, 0]"
567.0,89.0,[stephen prina],"[1954, 2099]",[stephen perrin],"[1932, 2099]",0,wiki_stephen-prina,moma_mdvt-stephen-perrin-4565,"(10295, 2122)",2.0,"[22, 0]"
570.0,85.0,"[tadasky, tadasuke kuwayama]","[1935, 2099]",[tadaaki kuwayama],"[1932, 2099]",0,wiki_tadasky,moma_mdvt-tadaaki-kuwayama-6907,"(10452, 2137)",19.0,"[3, 0]"
134.0,100.0,"[tsuguharu foujita, léonard tsugouharu foujita (藤田 嗣治)]","[1886, 1968]",[tsugouharu foujita],"[1886, 1969]",1,wiki_tsuguharu-foujita,moma_mdvt-tsugouharu-foujita-1957,"(2216, 10851)",161.0,"[0, 1]"
135.0,100.0,[ulfert wilke],"[1907, 1987]",[ulfert wilke],"[1907, 1988]",1,wiki_ulfert-wilke,moma_mdvt-ulfert-wilke-6372,"(2222, 10873)",11.0,"[0, 1]"
136.0,100.0,"[vásárhelyi győző, victor vasarely]","[1906, 1997]",[victor vasarely],"[1908, 1997]",1,wiki_victor-vasarely,moma_mdvt-victor-vasarely-6109,"(2262, 11013)",52.0,"[2, 0]"
137.0,100.0,"[vito acconci, vito hannibal acconci]","[1940, 2099]",[vito acconci],"[1940, 2017]",1,wiki_vito-acconci,moma_mdvt-vito-acconci-53,"(2273, 11062)",25.0,"[0, 82]"
138.0,100.0,[walter darby bannard],"[1934, 2099]",[walter darby bannard],"[1934, 2016]",1,wiki_walter-darby-bannard,moma_mdvt-walter-darby-bannard-322,"(2288, 11143)",29.0,"[0, 83]"
139.0,100.0,"[william ward jackson, ward jackson]","[1928, 2004]",[ward jackson],"[1929, 2004]",1,wiki_ward-jackson,moma_mdvt-ward-jackson-7879,"(2296, 11199)",12.0,"[1, 0]"
140.0,100.0,"[william congdon, william grosvenor congdon]","[1912, 1988]",[william congdon],"[1912, 1998]",1,wiki_william-congdon,moma_mdvt-william-congdon-1211,"(2315, 11328)",16.0,"[0, 10]"
141.0,100.0,[wojciech fangor],"[1922, 2099]",[wojciech fangor],"[1922, 2015]",1,wiki_wojciech-fangor,moma_mdvt-wojciech-fangor-1799,"(2341, 11451)",19.0,"[0, 84]"
142.0,84.0,[christopher “daze” ellis],,[daze (chris ellis)],"[1962, 2099]",1,googleart_t2194x6rvxh,moma_mdvt-daze-(chris-ellis)-1420,,,
143.0,99.0,"[henri-martin, martin, henri, henri, martin, henri jean guillaume, henri-jean guillaume martin, henri martin, martin, henri-jean-guillaume]","[1860, 1943]",[henri matisse],"[1869, 1954]",0,"wga_martin, henri-jean-guillaume, (1860-1943)",moma_mdvt-henri-matisse-3832,,,
144.0,85.0,[martha diamond],"[1944, 2099]",[sara diamond],"[1954, 2099]",0,wiki_martha-diamond,moma_mdvt-sara-diamond-35618,,,
145.0,100.0,"[josé guadalupe posada, jose guadalupe posada]","[1852, 1913]",[(follower of) josé-guadalupe  posada],"[1852, 1913]",0,googleart_m02vw34,moma_mdvt-(follower-of)-josé-guadalupe--posada-7484,,,
146.0,100.0,"[josé guadalupe posada, jose guadalupe posada]","[1852, 1913]",[josé-guadalupe posada],"[1852, 1913]",1,googleart_m02vw34,moma_mdvt-josé-guadalupe-posada-4707,,,
147.0,102.0,[morley],"[1982, 2099]",[malcolm morley],"[1931, 2099]",0,googleart_m0h55xs4,moma_mdvt-malcolm-morley-4100,,,
148.0,100.0,[daze],"[1962, 2099]",[daze (chris ellis)],"[1962, 2099]",1,googleart_t2194x6rvxh,moma_mdvt-daze-(chris-ellis)-1420,,,
149.0,102.0,"[chris ""daze"" ellis]","[2007.0, 2007.0]",[daze (chris ellis)],"[1962, 2099]",1,googleart_t219d5w7rqf,moma_mdvt-daze-(chris-ellis)-1420,,,
150.0,101.0,[christopher “daze” ellis],"[1982.0, 1988.0]",[daze (chris ellis)],"[1962, 2099]",1,googleart_t219hrtqpy4,moma_mdvt-daze-(chris-ellis)-1420,,,
151.0,102.0,[louis cane],"[1945, 2099]",[louis cane],"[1943, 2099]",1,wiki_louis-cane,moma_mdvt-louis-cane-948,,,
152.0,101.0,[louis cane],"[1945, 2099]",[lois lane],"[1948, 2099]",0,wiki_louis-cane,moma_mdvt-lois-lane-3369,,,
153.0,100.0,[malcolm morley],"[1931, 2099]",[malcolm morley],"[1931, 2099]",1,wiki_malcolm-morley,moma_mdvt-malcolm-morley-4100,,,
154.0,102.0,[robert irwin],"[1928, 2099]",[irwin],"[1983, 2099]",0,wiki_robert-irwin,moma_mdvt-irwin-29979,,,
155.0,100.0,[robert irwin],"[1928, 2099]",[robert irwin],"[1928, 2099]",1,wiki_robert-irwin,moma_mdvt-robert-irwin-2828,,,
,,,,,,1,wiki_theophile-steinlen,moma_mdvt-théophile-alexandre-steinlen-5634,,,
